ID,EM38_ID,Year,FID,Field,X,Y,CV.1.0m,CV.0.5m,ECe_Deep,ECe_Shallow,Gross Weight,Bag Weight,Net Weight,bu/ac,kg/ha,Yr_%,ECe_Gyp_Call,ECe_Gyp_Bern,Mg/ha,Status
0,91,2019,F1,G2,617926.177,4203744.112,114.609,82.656,4.004380546,3.610212165,1088.62,46.27,1042.35,218.0705921,13715.13158,79.69117933,3.059176492,3.005530778,13.71513158,Excluded
1,91,2019,F1,G2,617926.177,4203744.112,114.609,82.656,4.004380546,3.610212165,762.77,47.69,715.08,149.6022632,9408.947369,54.67028207,3.059176492,3.005530778,9.408947369,Excluded
2,101,2019,F1,G2,617871.949,4203744.027,103.75,74.531,3.596941349,3.377111358,972.39,46.27,926.12,193.7540526,12185.78947,70.80500309,2.803759735,2.750716304,12.18578947,Excluded
3,109,2019,F1,G2,617828.98,4203743.348,71.875,57.539,2.421538587,2.857965579,1093.04,46.27,1046.77,218.9953026,13773.28947,80.02910323,2.032921383,1.984130386,13.77328947,Excluded
4,131,2019,F1,G2,617707.394,4203741.815,77.656,58.906,2.632137967,2.901581777,1343.14,46.27,1296.87,271.3188553,17064.07895,99.15009329,2.175438512,2.125552221,17.06407895,Excluded
5,131,2019,F1,G2,617707.394,4203741.815,77.656,58.906,2.632137967,2.901581777,1239.7,46.27,1193.43,249.6781184,15703.02632,91.2417558,2.175438512,2.125552221,15.70302632,Excluded
6,172,2019,F1,G2,617720.446,4203758.48,78.242,52.188,2.653555612,2.683563221,1197.5,46.27,1151.23,240.8494342,15147.76316,88.01542321,2.189809895,2.139821632,15.14776316,Excluded
7,177,2019,F1,G2,617747.768,4203758.265,85.078,58.633,2.904306407,2.892900255,1132.89,46.27,1086.62,227.3323421,14297.63158,83.0757704,2.356501212,2.305438302,14.29763158,Excluded
8,185,2019,F1,G2,617791.719,4203758.724,89.258,63.594,3.058417319,3.048507898,1078.5,46.27,1032.23,215.9533816,13581.97368,78.9174711,2.457602356,2.405980807,13.58197368,Excluded
9,213,2019,F1,G2,617941.349,4203760.874,119.648,82.852,4.194491894,3.615732074,1292.62,46.27,1246.35,260.7495395,16399.34211,95.28766861,3.176664755,3.12285929,16.39934211,Excluded
10,235,2019,F1,G2,617952.161,4203776.334,121.055,82.5,4.247687944,3.605815447,1068.61,46.27,1022.34,213.8842895,13451.84211,78.16134724,3.20935938,3.155522041,13.45184211,Excluded
11,258,2019,F1,G2,617841.713,4203775.348,83.477,59.648,2.845434401,2.925105869,1237.89,46.27,1191.62,249.2994474,15679.21053,91.10337519,2.317616007,2.266786351,15.67921053,Excluded
12,259,2019,F1,G2,617836.51,4203775.093,70.352,50.352,2.366271689,2.62227729,1235.5,47.69,1187.81,248.5023553,15629.07895,90.81208781,1.995142413,1.946668162,15.62907895,Excluded
13,289,2019,F1,G2,617681.821,4203772.995,85.469,61.133,2.918697461,2.971876212,1046.4,46.27,1000.13,209.2377237,13159.60526,76.46331765,2.365983988,2.314865765,13.15960526,Excluded
14,297,2019,F1,G2,617641.868,4203772.883,102.813,71.484,3.561935192,3.287393312,1393.27,47.69,1345.58,281.5095,17705,102.8741374,2.78156916,2.728595285,17.705,Excluded
15,314,2019,F1,G2,617651.408,4203789.398,77.813,50.859,2.637874909,2.639279161,1047.34,47.69,999.65,209.1373026,13153.28947,76.42662003,2.179290182,2.129376412,13.15328947,Excluded
16,314,2019,F1,G2,617651.408,4203789.398,77.813,50.859,2.637874909,2.639279161,1057.87,47.69,1010.18,211.3402895,13291.84211,77.23167416,2.179290182,2.129376412,13.29184211,Excluded
17,336,2019,F1,G2,617758.648,4203790.686,98.398,70,3.397329801,3.243206864,1209.17,46.27,1162.9,243.2909211,15301.31579,88.90763413,2.676668146,2.624062053,15.30131579,Excluded
18,359,2019,F1,G2,617876.703,4203791.793,101.68,78.555,3.519639748,3.493627061,1140.55,47.69,1092.86,228.6378158,14379.73684,83.55283947,2.754703223,2.701817375,14.37973684,Excluded
19,363,2019,F1,G2,617897.509,4203792.076,111.875,85.82,3.901502914,3.698761391,1196.16,46.27,1149.89,240.5690921,15130.13158,87.91297568,2.995163992,2.94163577,15.13013158,Excluded
20,369,2019,F1,G2,617927.913,4203792.173,110.43,73.438,3.847207885,3.345080757,892.73,46.27,846.46,177.0883421,11137.63158,64.71472697,2.961253256,2.907796185,11.13763158,Excluded
21,421,2019,F1,G2,617824.932,4203808.304,82.617,61.484,2.813846692,2.982871855,1329.2,47.69,1281.51,268.1053816,16861.97368,97.97576935,2.296690121,2.245990313,16.86197368,Excluded
22,432,2019,F1,G2,617767.193,4203807.617,100.195,74.531,3.464259664,3.377111358,1119.15,47.69,1071.46,224.1607105,14098.15789,81.91673715,2.719434195,2.666670318,14.09815789,Excluded
23,444,2019,F1,G2,617703.98,4203807.037,88.594,63.867,3.033898228,3.056943258,1241.88,47.69,1194.19,249.8371184,15713.02632,91.29986037,2.44158224,2.390044684,15.71302632,Excluded
24,454,2019,F1,G2,617651.613,4203806.553,97.461,70.273,3.362468608,3.251360273,1008.08,46.27,961.81,201.2207763,12655.39474,73.53362422,2.654330498,2.601811179,12.65539474,Excluded
25,502,2019,F1,G2,617797.646,4203823.093,90,63.945,3.085833495,3.059351008,1241.06,46.27,1194.79,249.9626447,15720.92105,91.34573236,2.475486862,2.423773528,15.72092105,Excluded
26,552,2019,F1,G2,617955.285,4203839.836,89.258,66.914,3.058417319,3.150240417,1054.77,46.27,1008.5,210.9888158,13269.73684,77.10323244,2.457602356,2.405980807,13.26973684,Excluded
27,560,2019,F1,G2,617915.477,4203839.198,98.516,76.055,3.401721846,3.421495629,1113.74,46.27,1067.47,223.3259605,14045.65789,81.61168817,2.679479335,2.626862534,14.04565789,Excluded
28,561,2019,F1,G2,617910.439,4203839.371,90.508,64.258,3.104613776,3.069002414,979.76,46.27,933.49,195.2959342,12282.76316,71.36846452,2.48772068,2.435945758,12.28276316,Excluded
30,600,2019,F1,G2,617722.984,4203836.368,80.586,57.5,2.739350473,2.856715862,1310.62,46.27,1264.35,264.515329,16636.18421,96.6638294,2.24716297,2.19678273,16.63618421,Excluded
31,637,2019,F1,G2,617670.462,4203852.291,91.133,59.336,3.127730713,2.915227066,1153.13,46.27,1106.86,231.5667632,14563.94737,84.62318679,2.502760443,2.450911132,14.56394737,Excluded
32,637,2019,F1,G2,617670.462,4203852.291,91.133,59.336,3.127730713,2.915227066,989.39,46.27,943.12,197.3106316,12409.47368,72.10471053,2.502760443,2.450911132,12.40947368,Excluded
33,647,2019,F1,G2,617720.534,4203852.656,92.305,66.055,3.171112872,3.124093886,1011.52,46.27,965.25,201.9404605,12700.65789,73.79662379,2.53092858,2.478943845,12.70065789,Excluded
34,655,2019,F1,G2,617761.116,4203852.732,93.203,67.383,3.204381893,3.164465697,1145.66,46.42,1099.24,229.972579,14463.68421,84.04061203,2.552481279,2.500396332,14.46368421,Excluded
35,662,2019,F1,G2,617797.172,4203852.945,95.039,64.375,3.272479446,3.072605842,1011.71,46.27,965.44,201.9802105,12703.15789,73.81114994,2.596466818,2.54418641,12.70315789,Excluded
36,673,2019,F1,G2,617853.141,4203853.657,85.508,67.695,2.920133168,3.173909535,1074.76,46.27,1028.49,215.1709342,13532.76316,78.6315355,2.366929545,2.31580584,13.53276316,Excluded
37,693,2019,F1,G2,617952.837,4203855.435,80.195,67.07,2.725025446,3.154975983,1217.5,46.27,1171.23,245.0336447,15410.92105,89.54449076,2.23761052,2.187293919,15.41092105,Excluded
38,77,2019,F2,G8,617565.756,4204608.075,58.438,55.156,0.992440628,0.922204536,1200.86,46.27,1154.59,241.5523816,15191.97368,72.73389676,0.939930192,0.94351351,15.19197368,Excluded
39,85,2019,F2,G8,617565.907,4204570.915,57.969,54.023,0.983857239,0.909939757,1038.76,46.27,992.49,207.6393553,13059.07895,62.52233713,0.933319878,0.936771191,13.05907895,Excluded
40,93,2019,F2,G8,617565.771,4204533.892,49.961,49.063,0.838170322,0.855132209,1397.43,46.27,1351.16,282.6768947,17778.42105,85.116909,0.819372216,0.820674169,17.77842105,Excluded
41,112,2019,F2,G8,617566.216,4204445.239,45.703,40.469,0.761428064,0.755241498,1196.1,46.27,1149.83,240.5565395,15129.34211,72.43403854,0.757874958,0.758123119,15.12934211,Excluded
42,113,2019,F2,G8,617566.402,4204440.394,46.367,41.172,0.773359978,0.763678503,1383.69,46.27,1337.42,279.8023421,17597.63158,84.25135177,0.767510214,0.767918228,17.59763158,Excluded
43,139,2019,F2,G8,617535.323,4204476.863,40.352,34.531,0.665781615,0.681761729,1178.79,46.27,1132.52,236.9351053,14901.57895,71.34358759,0.67956601,0.678591941,14.90157895,Excluded
44,172,2019,F2,G8,617535.069,4204631.192,59.727,62.305,1.016058782,0.997631997,666.99,46.27,620.72,129.8611579,8167.368421,39.10252506,0.958064253,0.962013617,8.167368421,Excluded
45,174,2019,F2,G8,617535.35,4204640.239,57.813,57.266,0.981003408,0.944809754,817.88,46.27,771.61,161.4289342,10152.76316,48.60790593,0.931119669,0.934527216,10.15276316,Excluded
46,175,2019,F2,G8,617534.628,4204645.554,55.156,55.234,0.932490277,0.923045583,813.76,46.27,767.49,160.5669868,10098.55263,48.34836473,0.893530512,0.896203739,10.09855263,Excluded
47,200,2019,F2,G8,617502.886,4204608.644,39.141,41.68,0.644268139,0.769743431,1417.34,46.27,1371.07,286.8422763,18040.39474,86.37114809,0.661669832,0.660436636,18.04039474,Excluded
48,200,2019,F2,G8,617502.886,4204608.644,39.141,41.68,0.644268139,0.769743431,1261.5,46.27,1215.23,254.2389079,15989.86842,76.55393982,0.661669832,0.660436636,15.98986842,Excluded
49,212,2019,F2,G8,617503.438,4204555.973,42.578,41.133,0.705457138,0.763211794,1088.11,46.27,1041.84,217.9638947,13708.42105,65.63116172,0.712289838,0.711809432,13.70842105,Excluded
50,268,2019,F2,G8,617472.139,4204460.943,33.516,27.148,0.545044882,0.583770774,1026.01,46.27,979.74,204.9719211,12891.31579,61.71914536,0.57759906,0.575258431,12.89131579,Excluded
51,269,2019,F2,G8,617472.678,4204464.949,34.492,28.359,0.562173858,0.600438067,1293.21,46.27,1246.94,260.8729737,16407.10526,78.55152499,0.592304529,0.590143929,16.40710526,Excluded
52,286,2019,F2,G8,617472.455,4204542.872,46.055,40.078,0.767751744,0.750526434,1191.69,46.27,1145.42,239.6339211,15071.31579,72.15622867,0.762984953,0.763317642,15.07131579,Excluded
53,327,2019,F2,G8,617441.824,4204637.67,46.484,41.484,0.775463825,0.767406545,1395.08,46.27,1348.81,282.18525,17747.5,84.96886974,0.769206211,0.769642569,17.7475,Excluded
54,410,2019,F2,G8,617410.947,4204530.357,47.031,41.875,0.785305225,0.772064527,1407.15,46.27,1360.88,284.7104211,17906.31579,85.72922462,0.777128355,0.777697919,17.90631579,Excluded
55,416,2019,F2,G8,617411.178,4204557.533,37.344,34.688,0.612440356,0.683759627,989.13,46.27,942.86,197.2562368,12406.05263,59.39587378,0.634986061,0.633381293,12.40605263,Excluded
56,432,2019,F2,G8,617410.418,4204630.7,40.078,34.023,0.660909528,0.675274977,1260.39,46.27,1214.12,254.0066842,15975.26316,76.48401491,0.67552274,0.674489444,15.97526316,Excluded
57,488,2019,F2,G8,617381.197,4204482.254,29.727,30.078,0.478925574,0.623669764,1586.35,46.27,1540.08,322.2009474,20264.21053,97.0180062,0.519988199,0.517002758,20.26421053,Excluded
58,488,2019,F2,G8,617381.197,4204482.254,29.727,30.078,0.478925574,0.623669764,1317.04,46.27,1270.77,265.8584605,16720.65789,80.05270614,0.519988199,0.517002758,16.72065789,Excluded
59,524,2019,F2,G8,617349.314,4204437.257,30.234,29.727,0.487736572,0.618965234,1718.49,46.27,1672.22,349.8460263,22002.89474,105.3422227,0.527747548,0.524843121,22.00289474,Excluded
60,550,2019,F2,G8,617350.507,4204556.423,47.656,41.328,0.796560895,0.765543773,1596.22,46.27,1549.95,324.2658553,20394.07895,97.63977111,0.786166181,0.78688933,20.39407895,Excluded
61,569,2019,F2,G8,617350.161,4204643.23,41.25,31.484,0.681767262,0.642322733,1371.67,46.27,1325.4,277.2876316,17439.47368,83.49414664,0.692793565,0.692016001,17.43947368,Excluded
62,624,2019,F2,G8,617321.498,4204447.353,36.016,30.117,0.588995655,0.624191284,1247.91,46.27,1201.64,251.3957368,15811.05263,75.69783189,0.615164216,0.613295274,15.81105263,Excluded
63,654,2019,F2,G8,617289.222,4204501.609,54.18,45.898,0.91471514,0.819128634,1385.76,46.27,1339.49,280.2354079,17624.86842,84.38175231,0.879666834,0.882075745,17.62486842,Excluded
64,654,2019,F2,G8,617289.222,4204501.609,54.18,45.898,0.91471514,0.819128634,1280.28,46.27,1234.01,258.1678816,16236.97368,77.73699404,0.879666834,0.882075745,16.23697368,Excluded
65,667,2019,F2,G8,617288.652,4204564.984,39.609,28.086,0.652576116,0.596703118,1270.15,46.27,1223.88,256.048579,16103.68421,77.09885032,0.66859398,0.667460112,16.10368421,Excluded
66,681,2019,F2,G8,617288.7,4204632.013,44.648,33.555,0.742497841,0.669268504,1234.74,46.27,1188.47,248.6404342,15637.76316,74.86818206,0.742530037,0.742527784,15.63776316,Excluded
67,684,2019,F2,G8,617288.64,4204645.777,39.805,27.617,0.656057805,0.590256435,1363.64,46.27,1317.37,275.6076711,17333.81579,82.98829334,0.671490813,0.670398851,17.33381579,Excluded
68,699,2019,F2,G8,617258.735,4204640.018,51.016,39.258,0.857265414,0.740584687,1049.66,46.27,1003.39,209.91975,13202.5,63.20898734,0.834506764,0.836079917,13.2025,Excluded
69,739,2019,F2,G8,617257.902,4204447.009,47.344,36.914,0.790940616,0.711750396,1354.44,46.27,1308.17,273.6829342,17212.76316,82.40873536,0.78165635,0.782302646,17.21276316,Excluded
70,759,2019,F2,G8,617227.239,4204458.089,49.375,43.203,0.827577483,0.787771061,1227.41,46.27,1181.14,247.1069211,15541.31579,74.40642553,0.810948626,0.812101619,15.54131579,Excluded
71,769,2019,F2,G8,617227.307,4204504.27,53.32,44.766,0.89907329,0.806039134,1478.46,46.27,1432.19,299.6292237,18844.60526,90.22142892,0.867425184,0.86960369,18.84460526,Excluded
72,769,2019,F2,G8,617227.307,4204504.27,53.32,44.766,0.89907329,0.806039134,1404.88,47.53,1357.35,283.9719079,17859.86842,85.50685074,0.867425184,0.86960369,17.85986842,Excluded
73,785,2019,F2,G8,617227.572,4204580.418,38.75,29.609,0.637333007,0.617379232,1305.98,46.27,1259.71,263.5445921,16575.13158,79.35597668,0.655877033,0.65456165,16.57513158,Excluded
74,789,2019,F2,G8,617227.764,4204598.802,50.664,45.313,0.850890895,0.812378673,1480.77,46.27,1434.5,300.1125,18875,90.36694838,0.829461492,0.830943731,18.875,Excluded
75,799,2019,F2,G8,617227.604,4204645.811,53.828,48.125,0.908310536,0.844550252,1475.88,46.27,1429.61,299.0894605,18810.65789,90.05890069,0.874659236,0.876973556,18.81065789,Excluded
76,113,2019,F3,M19,617217.132,4204963.51,31.602,25.039,0.865079659,0.866981509,1261.34,46.27,1215.07,254.2054342,15987.76316,85.21584434,0.865653228,0.865613068,15.98776316,Excluded
77,113,2019,F3,M19,617217.132,4204963.51,31.602,25.039,0.865079659,0.866981509,1261.34,46.27,1215.07,254.2054342,15987.76316,85.21584434,0.865653228,0.865613068,15.98776316,Excluded
78,158,2019,F3,M19,617221.332,4204770.511,31.836,24.961,0.871986755,0.865238386,1230.26,46.27,1183.99,247.7031711,15578.81579,83.03612758,0.871264718,0.871315238,15.57881579,Excluded
79,162,2019,F3,M19,617221.315,4204754.082,29.414,26.328,0.80069211,0.895514695,1290.34,46.27,1244.07,260.2725395,16369.34211,87.2496856,0.812927659,0.812065171,16.36934211,Excluded
80,258,2019,F3,M19,617238.783,4205041.538,30.859,25.938,0.843174718,0.886935086,1392.75,46.27,1346.48,281.6977895,17716.84211,94.43195051,0.847801131,0.847476477,17.71684211,Excluded
81,309,2019,F3,M19,617263.916,4204947.346,29.688,23.438,0.808735373,0.830804642,962.27,46.27,916,191.6368421,12052.63158,64.24133047,0.819556386,0.818794271,12.05263158,Excluded
82,369,2019,F3,M19,617268.804,4204728.09,31.562,22.266,0.863899357,0.803763064,1218.64,46.27,1172.37,245.2721447,15425.92105,82.22118841,0.864693484,0.864637875,15.42592105,Excluded
83,408,2019,F3,M19,617291.679,4204802.15,29.492,22.969,0.802981205,0.820042346,1512.86,46.27,1466.59,306.8260658,19297.23684,102.8555599,0.814815446,0.813981454,19.29723684,Excluded
84,422,2019,F3,M19,617290.195,4204859.355,31.094,24.727,0.850098529,0.859997378,1241.81,46.27,1195.54,250.1195526,15730.78947,83.84615743,0.853453198,0.853217955,15.73078947,Excluded
85,445,2019,F3,M19,617288.076,4204955.316,28.359,22.031,0.769777607,0.798280667,1332.84,46.27,1286.57,269.1639868,16928.55263,90.23031499,0.787332291,0.786090614,16.92855263,Excluded
86,492,2019,F3,M19,617309.108,4205043.125,25.508,19.492,0.686692488,0.737654054,1478.66,46.27,1432.39,299.6710658,18847.23684,100.4570298,0.717556405,0.715351621,18.84723684,Excluded
87,540,2019,F3,M19,617312.864,4204854.989,27.773,19.766,0.752644637,0.744326254,1012.61,46.27,966.34,202.1685,12715,67.77179834,0.773064463,0.771617304,12.715,Excluded
88,567,2019,F3,M19,617315.423,4204749.876,27.617,19.258,0.748088367,0.7319295,1024.01,46.27,977.74,204.5535,12865,68.57130835,0.769259931,0.767758705,12.865,Excluded
89,612,2019,F3,M19,617338.865,4204777.757,28.008,19.766,0.759512014,0.744326254,1114.21,46.27,1067.94,223.4242895,14051.84211,74.89725598,0.778790649,0.777425443,14.05184211,Excluded
90,669,2019,F3,M19,617333.985,4205003.15,25.977,19.648,0.700312618,0.741456876,1169.17,51.77,1117.4,233.7718421,14702.63158,78.36600728,0.729098695,0.727045835,14.70263158,Excluded
91,674,2019,F3,M19,617333.813,4205025.429,24.492,20.43,0.657254433,0.760360724,1424.91,46.27,1378.64,288.426,18140,96.6874103,0.692461003,0.689936455,18.14,Excluded
92,733,2019,F3,M19,617358.652,4204944.39,25.898,21.719,0.698017043,0.790969726,1402.12,46.27,1355.85,283.6580921,17840.13158,95.08909161,0.727156295,0.725077658,17.84013158,Excluded
93,734,2019,F3,M19,617359.056,4204940.8,27.031,22.969,0.73099116,0.820042346,1255.7,46.27,1209.43,253.0254868,15913.55263,84.82029727,0.754944563,0.753242675,15.91355263,Excluded
94,784,2019,F3,M19,617362.733,4204750.826,33.906,27.305,0.933257495,0.916812124,1247.77,46.27,1201.5,251.3664474,15809.21053,84.26414691,0.920686582,0.921560953,15.80921053,Excluded
95,963,2019,F3,M19,617406.177,4204892.978,32.07,25.508,0.878897811,0.877422263,1240.16,46.27,1193.89,249.7743553,15709.07895,83.73043891,0.87687109,0.877012799,15.70907895,Excluded
96,1070,2019,F3,M19,617429.132,4204887.565,29.648,22.461,0.807560812,0.808296711,1278.15,46.27,1231.88,257.7222632,16208.94737,86.39477094,0.818589163,0.817812348,16.20894737,Excluded
97,1086,2019,F3,M19,617427.885,4204935.442,28.438,23.164,0.772089467,0.82452646,1133.58,46.27,1087.31,227.4766974,14306.71053,76.25572166,0.789252955,0.788039264,14.30671053,Excluded
98,1137,2019,F3,M19,617447.401,4205056.667,36.25,32.188,1.002990864,1.019462031,751.69,46.27,705.42,147.5812895,9281.842105,49.4728377,0.976200774,0.978052449,9.281842105,Excluded
99,1150,2019,F3,M19,617448.726,4205017.787,34.023,27.383,0.936729515,0.91850067,1061.69,46.27,1015.42,212.4365526,13360.78947,71.2138993,0.923468602,0.924390667,13.36078947,Excluded
100,1212,2019,F3,M19,617454.036,4204771.893,40.508,34.297,1.1305538,1.062063028,1090.94,46.27,1044.67,218.5559605,13745.65789,73.26527366,1.075930113,1.079666115,13.74565789,Excluded
101,1212,2019,F3,M19,617454.036,4204771.893,40.508,34.297,1.1305538,1.062063028,1090.94,46.27,1044.67,218.5559605,13745.65789,73.26527366,1.075930113,1.079666115,13.74565789,Excluded
102,1280,2019,F3,M19,617475.361,4204876.467,36.172,32.227,1.000664594,1.020258646,935.88,46.27,889.61,186.1157763,11705.39474,62.39053495,0.974360783,0.976179217,11.70539474,Excluded
103,1384,2019,F3,M19,617496.705,4204925.256,35.273,27.305,0.973881278,0.916812124,1122.45,46.27,1076.18,225.1481842,14160.26316,75.47514741,0.953117833,0.954556665,14.16026316,Excluded
104,1466,2019,F3,M19,617514.258,4204794.789,38.281,35.703,1.063698561,1.089947727,1062.13,46.27,1015.86,212.5286053,13366.57895,71.24475762,1.023941718,1.026675502,13.36657895,Excluded
105,1475,2019,F3,M19,617513.33,4204830.559,33.789,28.359,0.92978641,0.939486983,1237.5,46.27,1191.23,249.2178553,15674.07895,83.54388657,0.91790337,0.918730165,15.67407895,Excluded
106,1555,2019,F3,M19,617530.879,4205056.103,30.312,27.227,0.827074413,0.915121865,1134.49,46.27,1088.22,227.667079,14318.68421,76.31954218,0.834624259,0.834093567,14.31868421,Excluded
107,1683,2019,F3,M19,617554.515,4205067.905,31.289,24.648,0.85584692,0.858224008,1149.75,46.27,1103.48,230.8596316,14519.47368,77.38976345,0.858139185,0.857978537,14.51947368,Excluded
108,1720,2019,F3,M19,617577.312,4205016.405,38.711,27.812,1.076584209,0.927757349,1257.8,46.27,1211.53,253.464829,15941.18421,84.96757543,1.034008504,1.036933027,15.94118421,Excluded
109,1734,2019,F3,M19,617578.456,4204966.763,38.867,29.727,1.081261769,0.968475872,1053.07,46.27,1006.8,210.6331579,13247.36842,70.60935754,1.037657202,1.040651257,13.24736842,Excluded
110,1734,2019,F3,M19,617578.456,4204966.763,38.867,29.727,1.081261769,0.968475872,1053.07,46.27,1006.8,210.6331579,13247.36842,70.60935754,1.037657202,1.040651257,13.24736842,Excluded
111,1754,2019,F3,M19,617579.756,4204889.896,36.211,29.258,1.00182768,0.95859185,1159.1,46.27,1112.83,232.81575,14642.5,78.04550194,0.97528084,0.977115888,14.6425,Excluded
112,1758,2019,F3,M19,617580.117,4204874.839,34.102,24.453,0.939074396,0.853838042,1303.25,46.27,1256.98,262.9734474,16539.21053,88.15509562,0.925346388,0.926300723,16.53921053,Excluded
113,51,2019,F4,M23,617965.656,4204730.207,39.18,35.391,0.808153288,0.806477597,1245.81,46.27,1199.54,250.9563947,15783.42105,91.91595659,0.827043355,0.825706879,15.78342105,Excluded
114,60,2019,F4,M23,617965.898,4204781.62,42.656,41.758,0.885703449,0.897300361,1127.6,46.27,1081.33,226.2256184,14228.02632,82.85799672,0.890965857,0.890596496,14.22802632,Excluded
115,80,2019,F4,M23,617965.068,4204891.078,54.492,51.602,1.153280466,1.028575499,811.87,46.27,765.6,160.1715789,10073.68421,58.66486851,1.104105316,1.107478055,10.07368421,Excluded
116,80,2019,F4,M23,617965.068,4204891.078,54.492,51.602,1.153280466,1.028575499,811.87,46.27,765.6,160.1715789,10073.68421,58.66486851,1.104105316,1.107478055,10.07368421,Excluded
117,80,2019,F4,M23,617965.068,4204891.078,54.492,51.602,1.153280466,1.028575499,811.87,46.27,765.6,160.1715789,10073.68421,58.66486851,1.104105316,1.107478055,10.07368421,Excluded
118,105,2019,F4,M23,617943.514,4204856.492,38.828,35.469,0.800329225,0.807623702,1346.5,46.27,1300.23,272.0218026,17108.28947,99.6314289,0.820531848,0.819101301,17.10828947,Excluded
119,114,2019,F4,M23,617944.018,4204811.479,43.086,42.188,0.895331975,0.9032498,1395.36,46.27,1349.09,282.243829,17751.18421,103.3753755,0.898827451,0.898582339,17.75118421,Excluded
120,127,2019,F4,M23,617943.86,4204747.661,46.797,41.797,0.978732927,0.897840855,1291.24,48.23,1243.01,260.0507763,16355.39474,95.24688901,0.966281359,0.967147735,16.35539474,Excluded
121,127,2019,F4,M23,617943.86,4204747.661,46.797,41.797,0.978732927,0.897840855,1291.24,48.23,1243.01,260.0507763,16355.39474,95.24688901,0.966281359,0.967147735,16.35539474,Excluded
122,158,2019,F4,M23,617920.796,4204794.87,38.711,35.82,0.797729835,0.812770147,848.13,46.27,801.86,167.7575526,10550.78947,61.44332739,0.818365892,0.816904241,10.55078947,Excluded
123,177,2019,F4,M23,617919.615,4204895.664,39.102,38.32,0.806419073,0.848922316,880.41,46.27,834.14,174.5108684,10975.52632,63.91681484,0.825601093,0.824243708,10.97552632,Excluded
124,190,2019,F4,M23,617919.056,4204963.563,48.203,45.234,1.010468647,0.944795351,961.99,46.27,915.72,191.5782632,12048.94737,70.16796421,0.991661922,0.992966842,12.04894737,Excluded
125,193,2019,F4,M23,617918.894,4204978.85,42.695,41.836,0.886576423,0.89838117,985.88,46.27,939.61,196.5763026,12363.28947,71.99855941,0.891679289,0.891321157,12.36328947,Excluded
126,197,2019,F4,M23,617919.265,4204999.317,36.68,38.633,0.752706232,0.853388732,1312.07,46.27,1265.8,264.8186842,16655.26316,96.99319563,0.780635121,0.778646928,16.65526316,Excluded
127,198,2019,F4,M23,617919.156,4205004.58,36.367,37.734,0.745784599,0.840525291,1104.84,46.27,1058.57,221.4639868,13928.55263,81.11398884,0.774797635,0.772730611,13.92855263,Excluded
128,210,2019,F4,M23,617918.379,4205065.672,51.289,51.914,1.080375514,1.032582869,878.26,46.27,831.99,174.0610658,10947.23684,63.75206889,1.04705155,1.049350254,10.94723684,Excluded
129,211,2019,F4,M23,617918.28,4205070.775,50.703,51.055,1.067075047,1.021528937,812.62,46.83,765.79,160.2113289,10076.18421,58.67942745,1.036566205,1.038673007,10.07618421,Excluded
130,211,2019,F4,M23,617918.28,4205070.775,50.703,51.055,1.067075047,1.021528937,675.56,46.27,629.29,131.6540921,8280.131579,48.21997793,1.036566205,1.038673007,8.280131579,Excluded
131,232,2019,F4,M23,617896.89,4205038.63,45.977,46.523,0.960258347,0.962075674,725.88,46.27,679.61,142.1815658,8942.236842,52.07579844,0.951435452,0.952050369,8.942236842,Excluded
132,253,2019,F4,M23,617896.702,4204929.098,41.914,39.492,0.869106478,0.865580922,794.63,49.93,744.7,155.7990789,9798.684211,57.06338504,0.877376821,0.87679538,9.798684211,Excluded
133,254,2019,F4,M23,617897.367,4204923.836,41.328,40.313,0.856015061,0.877146078,832.77,46.27,786.5,164.5440789,10348.68421,60.26635199,0.866623677,0.86587686,10.34868421,Excluded
134,268,2019,F4,M23,617897.493,4204850.62,45.078,43.945,0.940033423,0.927339332,626.46,46.27,580.19,121.3818553,7634.078947,44.45764114,0.935121426,0.935464408,7.634078947,Excluded
135,272,2019,F4,M23,617897.776,4204829.274,42.5,43.477,0.882212176,0.920956709,786.87,46.27,740.6,154.9413158,9744.736842,56.74921842,0.888111316,0.887697121,9.744736842,Excluded
136,279,2019,F4,M23,617898.655,4204793.171,43.359,42.461,0.901448864,0.907015833,828.7,46.27,782.43,163.6925921,10295.13158,59.95448416,0.90381359,0.903647868,10.29513158,Excluded
137,282,2019,F4,M23,617897.95,4204777.978,45.313,42.031,0.945317239,0.901080069,1045.73,46.27,999.46,209.0975526,13150.78947,76.58462574,0.939389806,0.939803488,13.15078947,Excluded
138,336,2019,F4,M23,617873.998,4204881.26,48.75,48.125,1.022834969,0.983317053,812.23,46.27,765.96,160.2468947,10078.42105,58.69245386,1.001511196,1.00298919,10.07842105,Excluded
139,344,2019,F4,M23,617873.558,4204921.12,41.406,40.625,0.857756774,0.88151915,861.32,46.27,815.05,170.5170395,10724.34211,62.45402443,0.86805607,0.867331156,10.72434211,Excluded
140,392,2019,F4,M23,617849.905,4205068.064,49.688,50.977,1.044065975,1.020521948,886.29,46.27,840.02,175.7410263,11052.89474,64.36737573,1.018368991,1.0201469,11.05289474,Excluded
141,392,2019,F4,M23,617849.905,4205068.064,49.688,50.977,1.044065975,1.020521948,886.29,46.27,840.02,175.7410263,11052.89474,64.36737573,1.018368991,1.0201469,11.05289474,Excluded
142,404,2019,F4,M23,617850.62,4205007.581,45,44.18,0.938280121,0.930535178,764.41,46.27,718.14,150.2424474,9449.210526,55.02819837,0.933704078,0.934023653,9.449210526,Excluded
143,405,2019,F4,M23,617850.728,4205002.254,39.414,39.844,0.81335755,0.87054978,746.48,46.27,700.21,146.4913026,9213.289474,53.65429413,0.831368006,0.830094473,9.213289474,Excluded
144,414,2019,F4,M23,617850.428,4204955.709,35,34.766,0.715609902,0.797261446,870.58,46.27,824.31,172.4543289,10846.18421,63.16358119,0.74922897,0.746825215,10.84618421,Excluded
145,414,2019,F4,M23,617850.428,4204955.709,35,34.766,0.715609902,0.797261446,870.58,46.27,824.31,172.4543289,10846.18421,63.16358119,0.74922897,0.746825215,10.84618421,Excluded
146,417,2019,F4,M23,617850.625,4204939.787,35.43,37.422,0.725091836,0.836035647,636.14,46.27,589.87,123.4070132,7761.447369,45.19938087,0.757284929,0.75498575,7.761447369,Excluded
147,433,2019,F4,M23,617850.463,4204858.634,44.102,46.523,0.918111827,0.962075674,724.1,46.27,677.83,141.8091711,8918.81579,51.93940416,0.917364275,0.91741658,8.91881579,Excluded
148,456,2019,F4,M23,617851.509,4204741.688,47.383,46.445,0.991950995,0.961034878,858.59,46.27,812.32,169.9458947,10688.42105,62.24483539,0.976870948,0.977918984,10.68842105,Excluded
149,456,2019,F4,M23,617851.509,4204741.688,47.383,46.445,0.991950995,0.961034878,858.59,46.27,812.32,169.9458947,10688.42105,62.24483539,0.976870948,0.977918984,10.68842105,Excluded
150,74,2019,F5,M2,618853.192,4204179.645,67.773,48.125,2.872658397,3.114461015,1007.03,46.27,960.76,201.0011053,12641.57895,96.6640396,2.650741296,2.659977844,12.64157895,Included
151,95,2019,F5,M2,618950.797,4204181.144,66.758,48.281,2.826308216,3.120969612,1062.85,46.27,1016.58,212.6792368,13376.05263,102.2802046,2.615938467,2.62449337,13.37605263,Included
152,113,2019,F5,M2,619033.915,4204181.849,92.109,64.219,3.99871609,3.75149415,606.84,46.27,560.57,117.2771447,7375.921053,56.40010062,3.467934713,3.495157754,7.375921053,Included
153,139,2019,F5,M2,619045.413,4204165.782,111.758,82.344,4.925452008,4.404031194,448.83,46.27,402.56,84.21978947,5296.842105,40.50238954,4.107921823,4.151510728,5.296842105,Included
154,166,2019,F5,M2,618919.644,4204164.095,93.75,68.281,4.07556541,3.902889973,871.31,46.27,825.04,172.6070526,10855.78947,83.00897122,3.521989245,3.55052358,10.85578947,Included
155,182,2019,F5,M2,618846.172,4204163.236,68.32,47.148,2.897659773,3.073527107,1050.68,46.27,1004.41,210.1331447,13215.92105,101.0557558,2.669470229,2.679076722,13.21592105,Included
156,276,2019,F5,M2,618973.568,4204134.147,120,86.484,5.318126685,4.545614708,519.28,46.27,473.01,98.95867105,6223.81579,47.59050894,4.372082804,4.422925177,6.22381579,Included
157,300,2019,F5,M2,618865.521,4204132.571,90.43,69.219,3.920197654,3.937391304,587.21,46.27,540.94,113.1703421,7117.631579,54.42508594,3.412504557,3.438397412,7.117631579,Included
158,361,2019,F5,M2,619030.728,4204121.058,131.328,104.18,5.861245821,5.125601194,316.67,46.27,270.4,56.57052632,3557.894737,27.20550013,4.731522778,4.792657829,3.557894737,Included
159,361,2019,F5,M2,619030.728,4204121.058,131.328,104.18,5.861245821,5.125601194,294.55,46.27,248.28,51.94278947,3266.842105,24.97996143,4.731522778,4.792657829,3.266842105,Included
160,389,2019,F5,M2,619015.178,4204104.683,162.188,122.031,7.358674598,5.676116325,212.86,46.27,166.59,34.85238158,2191.973684,16.76096252,5.692237214,5.783028479,2.191973684,Included
161,399,2019,F5,M2,618964.801,4204104.178,93.477,64.961,4.06277328,3.779397603,797.18,46.27,750.91,157.0982763,9880.394737,75.55059948,3.513004826,3.541320253,9.880394737,Included
162,422,2019,F5,M2,618852.77,4204102.043,84.727,63.711,3.654357181,3.732324419,655.03,46.27,608.76,127.359,8010,61.24859563,3.223255236,3.244720278,8.01,Included
163,449,2019,F5,M2,618889.553,4204088.635,111.758,79.57,4.925452008,4.307747261,432.34,46.27,386.07,80.7699079,5079.868421,38.84329672,4.107921823,4.151510728,5.079868421,Included
164,515,2019,F5,M2,618975.312,4204074.745,116.68,80.117,5.15969002,4.326826444,560.89,46.27,514.62,107.6639211,6771.31579,51.77697661,4.265954727,4.313850215,6.77131579,Included
165,537,2019,F5,M2,618873.342,4204073.504,95.82,66.992,4.172654665,3.855202473,677.22,46.27,630.95,132.0013816,8301.973684,63.48117716,3.590007954,3.620211817,8.301973684,Included
166,572,2019,F5,M2,618914.831,4204058.02,98.672,60.977,4.306689594,3.628206904,351.55,46.27,305.28,63.86778947,4016.842105,30.71484866,3.683425085,3.715956573,4.016842105,Included
167,600,2019,F5,M2,619054.138,4204059.583,193.281,153.516,8.890173719,6.581927783,181.76,46.27,135.49,28.34593421,1782.763158,13.63192756,6.637388385,6.760008679,1.782763158,Included
168,636,2019,F5,M2,618938.717,4204043.058,80.938,54.375,3.4785008,3.369686379,526.04,46.27,479.77,100.3729342,6312.763158,48.27064644,3.096649305,3.115254077,6.312763158,Included
169,647,2019,F5,M2,618881.65,4204042.267,80.508,54.453,3.458583477,3.37280365,692.16,46.27,645.89,135.1269868,8498.552632,64.98432129,3.082235338,3.100519826,8.498552632,Included
170,696,2019,F5,M2,618996.107,4204027.755,80.234,51.563,3.445896298,3.256219654,512.91,46.27,466.64,97.626,6140,46.94961013,3.07304564,3.091126512,6.14,Included
171,698,2019,F5,M2,619006.517,4204027.825,131.445,88.633,5.866875019,4.618157666,156.13,46.27,109.86,22.98386842,1445.526316,11.05324055,4.735214572,4.796457755,1.445526316,Included
172,709,2019,F5,M2,619061.192,4204028.435,127.188,100.273,5.66231297,5.000766694,253.98,46.27,207.71,43.45511842,2733.026316,20.8981303,4.600624125,4.657956425,2.733026316,Included
173,731,2019,F5,M2,619008.255,4204012.902,130.352,82.93,5.814302993,4.424222717,399.47,46.27,353.2,73.8931579,4647.368421,35.53617842,4.700710321,4.760944756,4.647368421,Included
174,742,2019,F5,M2,618952.516,4204011.876,98.984,68.906,4.321371104,3.925897155,380.84,46.27,334.57,69.99556579,4402.236842,33.6617758,3.693624128,3.726412133,4.402236842,Included
175,787,2019,F5,M2,618903.306,4203997.251,131.289,88.555,5.859369509,4.615535647,217,46.27,170.73,35.71851316,2246.447368,17.17749643,4.730292089,4.791391105,2.246447368,Included
176,843,2019,F5,M2,619006.142,4203982.981,70.078,46.172,2.978116716,3.032333356,609.35,47.26,562.09,117.5951447,7395.921053,56.55303094,2.729537864,2.740345377,7.395921053,Included
177,866,2019,F5,M2,618888.827,4203981.253,113.398,80.82,5.003411971,4.351279104,356.05,46.27,309.78,64.80923684,4076.052632,31.16760292,4.160672233,4.20568762,4.076052632,Included
178,962,2019,F5,M2,618966.024,4203951.64,73.867,50.898,3.152055911,3.229068019,727.92,46.27,681.65,142.6083553,8969.078947,68.58220843,2.85837257,2.871828946,8.969078947,Included
179,971,2019,F5,M2,618918.66,4203950.879,93.164,64.531,4.048110431,3.763241007,518.05,46.27,471.78,98.70134211,6207.631579,47.4667561,3.502699998,3.530764814,6.207631579,Included
180,971,2019,F5,M2,618918.66,4203950.879,93.164,64.531,4.048110431,3.763241007,518.05,46.27,471.78,98.70134211,6207.631579,47.4667561,3.502699998,3.530764814,6.207631579,Included
181,984,2019,F5,M2,618852.653,4203949.739,95.313,62.344,4.148859568,3.680468258,514.91,46.27,468.64,98.04442105,6166.31579,47.15083425,3.573365317,3.603158697,6.16631579,Included
182,1000,2019,F5,M2,618856.778,4203935.387,95.664,55.977,4.165332048,3.433396142,671.72,46.27,625.45,130.8507237,8229.605263,62.92781085,3.58488831,3.614965763,8.229605263,Included
183,1025,2019,F5,M2,618980.366,4203937.245,61.602,36.484,2.591723419,2.604969417,603.93,46.27,557.66,116.6683421,7337.631579,56.10731953,2.43810692,2.443300068,7.337631579,Included
184,1029,2019,F5,M2,618999.318,4203937.558,62.461,36.914,2.630702811,2.624732934,543.65,46.27,497.38,104.0571316,6544.473684,50.04242475,2.467858431,2.473599545,6.544473684,Included
185,1040,2019,F5,M2,619054.62,4203938.828,61.953,36.914,2.607645883,2.624732934,543,46.27,496.73,103.9211447,6535.921053,49.97702692,2.450270006,2.455686458,6.535921053,Included
186,1041,2019,F5,M2,619059.559,4203938.984,60.938,38.867,2.56162167,2.713488331,728.7,46.27,682.43,142.7715395,8979.342105,68.66068584,2.415073961,2.419846985,8.979342105,Included
187,1057,2019,F5,M2,619053.399,4203923.894,61.055,38.906,2.566923895,2.715244371,702.85,46.27,656.58,137.3634474,8639.210526,66.05986417,2.419134731,2.423981563,8.639210526,Included
188,161,2019,F6,M3,619553.418,4204151.272,42.852,24.688,2.410451077,2.884144246,1173.43,46.27,1127.16,235.8137368,14831.05263,100.2677579,2.244249825,2.227668284,14.83105263,Included
189,161,2019,F6,M3,619553.418,4204151.272,42.852,24.688,2.410451077,2.884144246,1129.81,46.27,1083.54,226.6879737,14257.10526,96.38749276,2.244249825,2.227668284,14.25710526,Included
190,183,2019,F6,M3,619452.916,4204148.219,65.43,38.672,3.803981232,3.852530578,621.6,46.27,575.33,120.3650921,7570.131579,51.17911311,3.251310077,3.246670767,7.570131579,Included
191,204,2019,F6,M3,619357.651,4204147.187,70.898,49.336,4.147761545,4.507880072,415.47,46.27,369.2,77.24052632,4857.894737,32.84259219,3.488093455,3.487073816,4.857894737,Included
192,216,2019,F6,M3,619303.3,4204145.444,80.664,54.648,4.766837177,4.815259388,720.6,49.11,671.49,140.4827763,8835.394737,59.73313171,3.905494783,3.911488363,8.835394737,Included
193,218,2019,F6,M3,619294.461,4204145.976,67.227,47.344,3.916722648,4.389615008,638.74,46.27,592.47,123.9509605,7795.657895,52.70382067,3.329387974,3.325911948,7.795657895,Included
194,228,2019,F6,M3,619249.841,4204144.302,105.039,61.641,6.336418059,5.204192602,510.51,46.27,464.24,97.12389474,6108.421053,41.29697995,4.921653554,4.947655088,6.108421053,Included
195,240,2019,F6,M3,619196.7,4204143.561,51.797,25.625,2.957009133,2.954287357,964.2,46.27,917.93,192.0406184,12078.02632,81.65547306,2.64961876,2.637106022,12.07802632,Included
196,277,2019,F6,M3,619126.026,4204163.899,51.055,24.609,2.911371698,2.878187553,1208.02,46.27,1161.75,243.050329,15286.18421,103.3447494,2.616344927,2.603457794,15.28618421,Included
197,294,2019,F6,M3,619201.661,4204165.812,66.016,30.43,3.840719889,3.300644699,634.92,46.27,588.65,123.1517763,7745.394737,52.36400837,3.276800112,3.272537235,7.745394737,Included
198,294,2019,F6,M3,619201.661,4204165.812,66.016,30.43,3.840719889,3.300644699,722.28,46.27,676.01,141.4284079,8894.868421,60.13521328,3.276800112,3.272537235,8.894868421,Included
199,344,2019,F6,M3,619421.52,4204169.695,69.531,50.781,4.061616023,4.592611123,854.79,46.27,808.52,169.1508947,10638.42105,71.9227861,3.429117097,3.427170517,10.63842105,Included
200,345,2019,F6,M3,619420.908,4204170.095,71.641,56.055,4.1946384,4.894870471,714.62,46.27,668.35,139.8258553,8794.078947,59.45380955,3.520089294,3.519579402,8.794078947,Included
201,417,2019,F6,M3,619497.545,4204200.909,51.484,31.68,2.937751502,3.387478157,1111.47,46.27,1065.2,222.8510526,14015.78947,94.75603788,2.635590028,2.622918603,14.01578947,Included
202,442,2019,F6,M3,619376.559,4204198.733,97.148,69.18,5.824814391,5.606320064,523.77,46.27,477.5,99.89802632,6282.894737,42.47653783,4.596263587,4.615443511,6.282894737,Included
203,448,2019,F6,M3,619348.323,4204198.664,106.797,81.133,6.450813045,6.21336681,262.29,46.27,216.02,45.1936579,2842.368421,19.21629676,4.993724923,5.021286253,2.842368421,Included
204,463,2019,F6,M3,619278.046,4204197.106,68.906,41.641,4.022273635,4.040809128,776.04,46.27,729.77,152.6755658,9602.236842,64.91749322,3.402104958,3.399739363,9.602236842,Included
205,531,2019,F6,M3,619174.793,4204217.147,46.055,18.398,2.605226019,2.385794021,906,46.27,859.73,179.8645658,11312.23684,76.47822799,2.390509287,2.375268335,11.31223684,Included
206,643,2019,F6,M3,619577.897,4204252.565,29.766,13.164,1.627445381,1.922438038,830.72,46.27,784.45,164.1151974,10321.71053,69.78161281,1.631047676,1.610671601,10.32171053,Included
207,644,2019,F6,M3,619573.155,4204251.651,29.18,13.32,1.592934107,1.937102959,684.35,46.27,638.08,133.4930526,8395.789474,56.7611084,1.602889132,1.582419612,8.395789474,Included
208,645,2019,F6,M3,619568.402,4204252.597,31.406,13.984,1.724308721,1.99885371,1005.16,46.27,958.89,200.6098816,12616.97368,85.29911487,1.709492474,1.689417868,12.61697368,Included
209,705,2019,F6,M3,619291.179,4204246.982,49.961,24.805,2.844178665,2.892953769,700.38,46.27,654.11,136.8466974,8606.710526,58.18707468,2.567176304,2.553748608,8.606710526,Included
210,716,2019,F6,M3,619241.011,4204244.749,28.086,7.227,1.528650533,1.305748347,923.83,46.27,877.56,183.5947895,11546.84211,78.0643153,1.550130742,1.529507832,11.54684211,Included
211,731,2019,F6,M3,619172.107,4204243.847,31.68,9.531,1.740531053,1.560928702,883.15,46.27,836.88,175.0841053,11011.57895,74.44558113,1.72254825,1.702529559,11.01157895,Included
212,769,2019,F6,M3,619144.697,4204270.874,39.805,16.719,2.226212935,2.242973005,729.78,46.27,683.51,142.9974868,8993.552632,60.80238403,2.103848861,2.086126501,8.993552632,Included
213,803,2019,F6,M3,619292.451,4204274.924,37.539,17.578,2.089905521,2.316647798,916.58,46.27,870.31,182.0780132,11451.44737,77.41938355,1.998571632,1.980093408,11.45144737,Included
214,840,2019,F6,M3,619454.96,4204278.168,98.086,57.422,5.885463866,4.971541682,745.77,46.27,699.5,146.3427632,9203.947369,62.22479208,4.635109607,4.655084457,9.203947369,Included
215,849,2019,F6,M3,619495.011,4204278.788,56.328,28.438,3.236775714,3.159600251,812.85,46.23,766.62,160.3849737,10087.10526,68.19552549,2.851555153,2.841458081,10.08710526,Included
216,925,2019,F6,M3,619424.506,4204304.585,76.602,42.344,4.508589566,4.084683341,668.29,46.27,622.02,130.1331316,8184.473684,55.33247343,3.732692324,3.73568881,8.184473684,Included
217,941,2019,F6,M3,619353.42,4204302.958,56.016,29.414,3.217453278,3.229129923,950.6,46.27,904.33,189.1953553,11899.07895,80.44567009,2.837716504,2.827446229,11.89907895,Included
218,973,2019,F6,M3,619213.396,4204299.044,24.102,7.031,1.29625452,1.282793795,795.19,46.27,748.92,156.6819474,9854.210526,66.62100254,1.355749144,1.33482013,9.854210526,Included
219,973,2019,F6,M3,619213.396,4204299.044,24.102,7.031,1.29625452,1.282793795,686.89,46.27,640.62,134.0244474,8429.210526,56.98705689,1.355749144,1.33482013,8.429210526,Included
220,1036,2019,F6,M3,619221.25,4204326.686,25.898,6.523,1.400675738,1.222214485,731.11,46.27,684.84,143.2757368,9011.052632,60.92069565,1.443834841,1.422992263,9.011052632,Included
221,1052,2019,F6,M3,619292.561,4204328.234,34.414,12.969,1.902984894,1.90401984,945.67,46.27,899.4,188.1639474,11834.21053,80.00711652,1.852074085,1.832695236,11.83421053,Included
222,1056,2019,F6,M3,619309.162,4204328.912,41.289,17.891,2.315811231,2.343173775,708.85,46.27,662.58,138.6187105,8718.157895,58.94053286,2.172389865,2.155205977,8.718157895,Included
223,1095,2019,F6,M3,619482.899,4204332.319,87.5,47.461,5.203717574,4.396609516,608.92,46.27,562.65,117.7123026,7403.289474,50.05114977,4.193904315,4.205177512,7.403289474,Included
224,1113,2019,F6,M3,619559.132,4204333.549,55.234,24.062,3.169060294,2.836755185,702.51,46.27,656.24,137.2923158,8634.736842,58.37655118,2.802988976,2.792288928,8.634736842,Included
225,1114,2019,F6,M3,619563.044,4204334.467,55.82,27.812,3.205319113,3.114558228,871.83,46.27,825.56,172.7158421,10862.63158,73.43859807,2.829018102,2.818639524,10.86263158,Included
226,11,2019,F7,M6,619152.266,4204528.816,81.328,51.875,3.496572487,3.268915595,1000.27,46.27,954,199.5868421,12552.63158,70.87509194,2.996259571,3.002307825,12.55263158,Included
227,21,2019,F7,M6,619207.822,4204530.777,111.133,103.555,4.895765056,5.105744634,967.01,46.27,920.74,192.6285,12115,68.40412175,3.938654702,3.964078465,12.115,Included
228,38,2019,F7,M6,619302.051,4204534.31,77.578,60.391,3.323090726,3.605676601,1142.79,46.27,1096.52,229.4035263,14427.89474,81.46326606,2.874902285,2.878782212,14.42789474,Included
229,44,2019,F7,M6,619336.068,4204536.967,72.813,22.188,3.103599161,1.890078304,1237.38,46.27,1191.11,249.19275,15672.5,88.49059827,2.71963807,2.720867146,15.6725,Included
230,61,2019,F7,M6,619432.888,4204536.49,59.219,30.234,2.483812016,2.307604194,1036.65,46.27,990.38,207.1979211,13031.31579,73.57785488,2.269368556,2.263765719,13.03131579,Included
231,69,2019,F7,M6,619478.038,4204537.539,65.781,45,2.781745185,2.982456315,885.51,46.27,839.24,175.5778421,11042.63158,62.34927899,2.488161218,2.485711274,11.04263158,Included
232,134,2019,F7,M6,619409.023,4204572.707,56.992,52.93,2.383270357,3.311646506,1213.42,46.27,1167.15,244.1800658,15357.23684,86.71054878,2.194444139,2.187839439,15.35723684,Included
233,146,2019,F7,M6,619344.811,4204570.812,56.836,22.422,2.376238814,1.902912477,1260.37,46.27,1214.1,254.0025,15975,90.19858398,2.189182256,2.182508753,15.975,Included
234,161,2019,F7,M6,619263.15,4204568.735,74.336,65.781,3.173635173,3.810103048,1179.82,46.27,1133.55,237.1505921,14915.13158,84.21431915,2.769397373,2.771460528,14.91513158,Included
235,184,2019,F7,M6,619141.712,4204565.541,125.117,91.211,5.562986822,4.704363737,664.62,46.27,618.35,129.3653289,8136.184211,45.9387978,4.369492769,4.405078156,8.136184211,Included
236,185,2019,F7,M6,619136.548,4204564.358,135.82,100.625,6.077646292,5.012083533,617.54,46.27,571.27,119.5156974,7516.710526,42.44110458,4.695187822,4.738925848,7.516710526,Included
237,209,2019,F7,M6,619148.084,4204597.863,115.82,104.375,5.118706098,5.13178778,728.28,46.27,682.01,142.6836711,8973.81579,50.66826148,4.083769288,4.112532666,8.97381579,Included
238,232,2019,F7,M6,619275.439,4204599.032,81.211,65.117,3.49115027,3.785249676,1319.9,46.27,1273.63,266.4568026,16758.28947,94.62121941,2.992483884,2.998463441,16.75828947,Included
239,250,2019,F7,M6,619368.226,4204600.023,57.148,20.078,2.3903034,1.772089575,1290.94,46.27,1244.67,260.3980658,16377.23684,92.4697072,2.199704233,2.193168519,16.37723684,Included
240,328,2019,F7,M6,619471.724,4204631.726,59.648,56.055,2.503214186,3.436481473,1023.79,46.27,977.52,204.5074737,12862.10526,72.62245267,2.283761131,2.278355425,12.86210526,Included
241,365,2019,F7,M6,619273.628,4204630.014,68.047,49.023,2.885179979,3.151825593,1229.31,46.27,1183.04,247.5044211,15566.31579,87.89105741,2.563073353,2.561776877,15.56631579,Included
242,410,2019,F7,M6,619116.024,4204658.029,107.422,73.086,4.719766252,4.077910763,623.13,46.27,576.86,120.6851842,7590.263158,42.85639993,3.823219418,3.846049529,7.590263158,Included
243,442,2019,F7,M6,619284.216,4204652.118,63.672,44.141,2.685726063,2.945606405,1311.99,46.27,1265.72,264.8019474,16654.21053,94.03356539,2.418151125,2.41465661,16.65421053,Included
244,467,2019,F7,M6,619412.484,4204650.573,48.438,15.859,2.000035334,1.521958187,1410.92,46.27,1364.65,285.4991447,17955.92105,101.3833272,1.903114566,1.893026043,17.95592105,Included
245,469,2019,F7,M6,619422.579,4204649.607,56.484,35.078,2.360378305,2.539761804,1231,46.27,1184.73,247.8579868,15588.55263,88.0166118,2.177302694,2.170474619,15.58855263,Included
246,548,2019,F7,M6,619405.423,4204679.578,45.586,39.609,1.873387687,2.746791814,1359.85,46.27,1313.58,274.8147632,17283.94737,97.58920678,1.804604481,1.793497653,17.28394737,Included
247,586,2019,F7,M6,619207.913,4204677.647,67.227,48.32,2.847718416,3.122595594,1377.05,46.27,1330.78,278.4131842,17510.26316,98.86703863,2.536001114,2.53428359,17.51026316,Included
248,626,2019,F7,M6,619168.465,4204702.067,56.25,34.023,2.349838932,2.49022197,1388.93,46.27,1342.66,280.8986053,17666.57895,99.74963412,2.169400401,2.162470092,17.66657895,Included
249,634,2019,F7,M6,619211.003,4204702.186,63.75,44.805,2.689272903,2.97411315,1215.36,46.27,1169.09,244.5859342,15382.76316,86.85467635,2.420745475,2.417289082,15.38276316,Included
250,651,2019,F7,M6,619303.441,4204704.235,65.781,47.695,2.781745185,3.096481762,1074.83,46.27,1028.56,215.1855789,13533.68421,76.4143444,2.488161218,2.485711274,13.53368421,Included
251,666,2019,F7,M6,619383.652,4204706.112,51.602,28.359,2.141218918,2.214244739,1201.7,46.27,1155.43,241.7281184,15203.02632,85.83984014,2.011563331,2.002692011,15.20302632,Included
252,681,2019,F7,M6,619465.021,4204708.364,51.094,37.148,2.118504376,2.63545362,1264.73,46.27,1218.46,254.9146579,16032.36842,90.52249949,1.994208146,1.985135479,16.03236842,Included
253,696,2019,F7,M6,619545.96,4204708.027,35.742,30.234,1.441237767,2.307604194,1278.23,46.27,1231.96,257.739,16210,91.52544891,1.458295973,1.444340713,16.21,Included
254,702,2019,F7,M6,619577.64,4204710.072,41.836,20.781,1.707807514,1.811868743,1096.35,46.27,1050.08,219.6877895,13816.84211,78.01312009,1.673898047,1.661576406,13.81684211,Included
255,128,2019,F8,M12,619553.395,4204945.984,62.578,47.383,1.96497591,1.982628682,1267.12,46.27,1220.85,255.4146711,16063.81579,82.16674968,1.911191513,1.912151007,16.06381579,Included
256,147,2019,F8,M12,619458.425,4204944.309,44.57,36.797,1.362965089,1.684252698,1501.12,46.27,1454.85,304.3699342,19142.76316,97.9156291,1.419781728,1.413690695,19.14276316,Included
257,147,2019,F8,M12,619458.425,4204944.309,44.57,36.797,1.362965089,1.684252698,1265.38,46.27,1219.11,255.0506447,16040.92105,82.04964261,1.419781728,1.413690695,16.04092105,Included
258,149,2019,F8,M12,619448.415,4204944.353,46.328,41.055,1.421005899,1.807516234,1286.2,46.27,1239.93,259.4064079,16314.86842,83.45088907,1.468712345,1.46321204,16.31486842,Included
259,185,2019,F8,M12,619267.179,4204939.954,57.344,45.82,1.788402427,1.940191031,1333.92,46.27,1287.65,269.3899342,16942.76316,86.66258364,1.770434255,1.769135451,16.94276316,Included
260,186,2019,F8,M12,619262.674,4204940.964,59.57,49.258,1.863351211,2.032887608,1379.88,46.27,1333.61,279.00525,17547.5,89.75582507,1.830484704,1.830127694,17.5475,Included
261,209,2019,F8,M12,619149.376,4204938.616,52.5,36.992,1.626100871,1.690004739,1361.59,46.27,1315.32,275.1787895,17306.84211,88.52485499,1.638737719,1.635492083,17.30684211,Included
262,243,2019,F8,M12,619115.2,4204965.712,88.555,72.227,2.856986628,2.602178318,1218.94,46.27,1172.67,245.3349079,15429.86842,78.92409579,2.590452111,2.604515747,15.42986842,Included
263,293,2019,F8,M12,619373.049,4204970.384,68.594,54.375,2.169354547,2.166710833,1341.23,46.27,1294.96,270.9192632,17038.94737,87.15456786,2.071188725,2.074921475,17.03894737,Included
264,353,2019,F8,M12,619552.386,4205000.811,68.984,54.727,2.18265352,2.1757483,1330.83,46.27,1284.56,268.7434737,16902.10526,86.45461764,2.081499165,2.085417771,16.90210526,Included
265,353,2019,F8,M12,619552.386,4205000.811,68.984,54.727,2.18265352,2.1757483,1160.38,46.27,1114.11,233.0835395,14659.34211,74.98283779,2.081499165,2.085417771,14.65934211,Included
266,377,2019,F8,M12,619429.815,4204998.317,54.922,43.828,1.707112063,1.885352757,1356.76,46.27,1310.49,274.1683026,17243.28947,88.19978193,1.704766297,1.70247589,17.24328947,Included
267,415,2019,F8,M12,619238.201,4204996.127,68.242,54.57,2.157356432,2.171719941,1450.71,46.27,1404.44,293.8236316,18479.47368,94.5228897,2.061876642,2.065442258,18.47947368,Included
268,427,2019,F8,M12,619179.295,4204994.361,70.82,52.188,2.245339284,2.110087317,1037.91,46.27,991.64,207.4615263,13047.89474,66.74025119,2.129941113,2.134744104,13.04789474,Included
269,444,2019,F8,M12,619098.144,4204992.931,108.242,73.438,3.547234758,2.630238939,814.77,46.27,768.5,160.7782895,10111.84211,51.72228133,3.088410083,3.114009031,10.11184211,Included
270,445,2019,F8,M12,619093.376,4204992.515,114.883,79.961,3.782392532,2.778656926,659.72,46.27,613.45,128.3401974,8071.710526,41.28696612,3.253752601,3.283487058,8.071710526,Included
271,473,2019,F8,M12,619120.967,4205020.597,100,69.219,3.256954887,2.531745519,994.51,46.27,948.24,198.3817895,12476.84211,63.81930519,2.881437688,2.902067412,12.47684211,Included
272,486,2019,F8,M12,619186.449,4205020.968,71.68,49.297,2.274745715,2.033925711,1130.64,46.27,1084.37,226.8616184,14268.02632,72.98124944,2.152577972,2.157800475,14.26802632,Included
273,511,2019,F8,M12,619309.717,4205024.556,70.469,55.703,2.233345338,2.200699488,1517.04,46.27,1470.77,307.7005658,19352.23684,98.9870913,2.120692328,2.125325055,19.35223684,Included
274,518,2019,F8,M12,619347.316,4205025.573,79.805,64.648,2.553886526,2.42259587,1402.72,46.27,1356.45,283.7836184,17848.02632,91.29302341,2.364840416,2.374181937,17.84802632,Included
275,543,2019,F8,M12,619477.584,4205027.072,50.469,43.789,1.558391695,1.88427039,1252.26,46.27,1205.99,252.3058026,15868.28947,81.16662851,1.583076956,1.579059875,15.86828947,Included
276,552,2019,F8,M12,619523.656,4205028.484,60.508,48.047,1.894999354,2.000506414,912.5,46.27,866.23,181.2244342,11397.76316,58.29979407,1.855705059,1.855753291,11.39776316,Included
277,617,2019,F8,M12,619390.018,4205054.87,72.93,56.953,2.317536624,2.232429968,1384.35,46.27,1338.08,279.9404211,17606.31579,90.05666905,2.185420429,2.19125853,17.60631579,Included
278,665,2019,F8,M12,619147.957,4205049.939,87.031,68.359,2.804020285,2.51141,1366.15,46.27,1319.88,276.1327895,17366.84211,88.83175623,2.551363864,2.564585332,17.36684211,Included
279,673,2019,F8,M12,619107.947,4205049.966,123.789,102.969,4.099412959,3.271001634,854.35,46.27,808.08,169.0588421,10632.63158,54.38613023,3.473643486,3.509092368,10.63263158,Included
280,721,2019,F8,M12,619163.776,4205079.838,83.906,64.727,2.695638859,2.424505103,1789.62,553.44,1236.18,258.6218684,16265.52632,83.19850321,2.470944499,2.482464554,16.26552632,Included
281,724,2019,F8,M12,619178.618,4205080.382,78.242,61.289,2.500008751,2.340632772,1271.72,46.27,1225.45,256.3770395,16124.34211,82.47634306,2.32422468,2.332752856,16.12434211,Included
282,732,2019,F8,M12,619217.323,4205079.905,70.352,49.805,2.22934839,2.047421154,1425.01,46.27,1378.74,288.4469211,18141.31579,92.79320511,2.11760813,2.122184226,18.14131579,Included
283,829,2019,F8,M12,619536.818,4205114.626,67.695,59.648,2.138721218,2.300012441,1216.58,46.27,1170.31,244.8411711,15398.81579,78.76526094,2.047394026,2.050701084,15.39881579,Included
284,838,2019,F8,M12,619491.762,4205113.416,49.141,36.484,1.514233277,1.674997261,1397.43,46.27,1351.16,282.6768947,17778.42105,90.93699101,1.546532349,1.542026126,17.77842105,Included
285,838,2019,F8,M12,619491.762,4205113.416,49.141,36.484,1.514233277,1.674997261,1578.11,46.27,1531.84,320.4770526,20155.78947,103.0972796,1.546532349,1.542026126,20.15578947,Included
286,855,2019,F8,M12,619406.853,4205112.065,67.539,56.445,2.133408753,2.219564819,1255.08,46.27,1208.81,252.8957763,15905.39474,81.35642274,2.043261043,2.046494623,15.90539474,Included
287,873,2019,F8,M12,619313.062,4205109.645,65.312,58.32,2.057675232,2.266848776,1377.27,46.27,1331,278.4592105,17513.15789,89.58016447,1.984129305,1.986326801,17.51315789,Included
288,880,2019,F8,M12,619278.061,4205108.747,40.078,35.195,1.215486517,1.636580267,846.03,46.27,799.76,167.3182105,10523.15789,53.82617004,1.293637606,1.286153176,10.52315789,Included
289,903,2019,F8,M12,619165.59,4205107.449,77.852,64.805,2.486578176,2.426389358,1274.74,46.27,1228.47,257.0088553,16164.07895,82.67959782,2.314074601,2.322401336,16.16407895,Included
290,907,2019,F8,M12,619145.871,4205107.522,87.07,64.023,2.805374827,2.407461868,1165.72,46.27,1119.45,234.2007237,14729.60526,75.34223525,2.552365207,2.565608127,14.72960526,Included
291,920,2019,F8,M12,619081.286,4205106.106,118.477,89.844,3.910102951,2.995587248,652.26,46.27,605.99,126.7794868,7973.552632,40.78488646,3.342735072,3.374753204,7.973552632,Included
293,916,2019,F8,M12,619101.166,4205105.913,107.734,82.461,3.529291917,2.834390129,346.35,46.27,300.08,62.77989474,3948.421053,20.19625527,3.075711313,3.100998606,3.948421053,Included
295,229,2018,F9,M2_2018,619018.034,4204328.281,125.625,98.984,4.758096324,4.54310527,593.13,22.28,570.85,119.4278289,7511.184211,44.30884107,4.001348504,4.064508143,7.511184211,Included
297,235,2018,F9,M2_2018,618939,4204112.569,150.977,103.555,5.732902828,4.724930594,512.76,22.28,490.48,102.6135789,6453.684211,38.07059712,4.70158234,4.796059123,6.453684211,Included
299,216,2018,F9,M2_2018,619066.231,4204328.274,99.492,77.344,3.756135987,3.666253363,976.55,22.28,954.27,199.6433289,12556.18421,74.06954149,3.260980324,3.294706979,12.55618421,Included
301,236,2018,F9,M2_2018,619013.638,4204083.808,266.484,198.086,10.19894883,8.303265181,387.6,22.28,365.32,76.42878947,4806.842105,28.35579542,7.739676179,7.999208091,4.806842105,Included
303,218,2018,F9,M2_2018,619034.592,4204235.406,80.586,56.25,3.033500117,2.779721274,1008.83,22.28,986.55,206.3966447,12980.92105,76.57508478,2.710514252,2.725286101,12.98092105,Included
305,213,2018,F9,M2_2018,618843.374,4203933.101,127.969,89.453,4.848118444,4.160367335,883.8,22.28,861.52,180.2390526,11335.78947,66.87037355,4.066772,4.132723713,11.33578947,Included
307,234,2018,F9,M2_2018,618873.005,4204143.227,100.977,66.836,3.812982386,3.229221131,1060.31,22.28,1038.03,217.1668026,13658.28947,80.57091404,3.303641287,3.338948388,13.65828947,Included
309,214,2018,F9,M2_2018,619048.896,4204390.924,92.422,67.578,3.485657897,3.26036147,993.96,22.28,971.68,203.2856842,12785.26316,75.42088936,3.056777887,3.083153432,12.78526316,Included
311,232,2018,F9,M2_2018,618948.234,4204204.339,77.578,53.281,2.918730447,2.651735541,1039.9,22.28,1017.62,212.8968158,13389.73684,78.98670901,2.6215496,2.633528062,13.38973684,Included
313,207,2018,F9,M2_2018,618880.917,4204203.861,77.578,56.953,2.918730447,2.809894853,940.8,22.28,918.52,192.1640526,12085.78947,71.29466004,2.6215496,2.633528062,12.08578947,Included
315,215,2018,F9,M2_2018,618975.813,4204390.188,56.094,40.938,2.100969771,2.108860869,1033.61,22.28,1011.33,211.5808816,13306.97368,78.4984851,1.972500558,1.966769194,13.30697368,Included
317,200,2018,F9,M2_2018,619027.389,4204390.712,77.383,53.477,2.911292362,2.660212805,1084.03,22.28,1061.75,222.1292763,13970.39474,82.41203821,2.615767827,2.627567547,13.97039474,Included
319,221,2018,F9,M2_2018,619056.993,4204144.564,159.844,118.789,6.074404305,5.323624045,595.59,22.28,573.31,119.9424868,7543.552632,44.49978396,4.942970227,5.04893025,7.543552632,Included
321,210,2018,F9,M2_2018,618840.412,4204081.313,101.211,68.75,3.821941062,3.309457303,829.88,22.28,807.6,168.9584211,10626.31579,62.6851538,3.310356572,3.345913824,10.62631579,Included
323,217,2018,F9,M2_2018,618912.381,4204266.293,77.305,58.867,2.908317201,2.891801319,1209.88,22.28,1187.6,248.4584211,15626.31579,92.18039704,2.613454617,2.625182923,15.62631579,Included
325,237,2018,F9,M2_2018,618878.663,4204082.05,133.125,92.578,5.046216265,4.286420208,709.91,22.28,687.63,143.8594342,9047.763158,53.37319503,4.210168565,4.282340197,9.047763158,Included
327,222,2018,F9,M2_2018,619025.467,4204053.237,135,110.039,5.118281925,4.98106792,626.8,22.28,604.52,126.4719474,7954.210526,46.92227485,4.262145122,4.336604561,7.954210526,Included
329,201,2018,F9,M2_2018,618905.545,4204389.745,66.641,48.711,2.501969965,2.452883268,1076.43,22.28,1054.15,220.5392763,13870.39474,81.82213334,2.294351455,2.296781501,13.87039474,Included
331,209,2018,F9,M2_2018,619060.632,4204084.23,161.523,135.234,6.139098933,5.958743791,403.61,22.28,381.33,79.77825,5017.5,29.59847659,4.988490341,5.096652674,5.0175,Included
333,205,2018,F9,M2_2018,619043.423,4204267.629,90.078,66.602,3.39604538,3.219391238,1144.94,22.28,1122.66,234.8722895,14771.84211,87.13981523,2.988658958,3.012663596,14.77184211,Included
335,219,2018,F9,M2_2018,618843.179,4204172.209,81.016,59.102,3.04991159,2.901833545,952.63,22.28,930.35,194.6390132,12241.44737,72.21289356,2.723198318,2.738374936,12.24144737,Included
337,241,2018,F9,M2_2018,618860.547,4203965.09,123.867,91.055,4.690594988,4.225057761,764,22.28,741.72,155.1756316,9759.473684,57.57161004,3.952182629,4.013263263,9.759473684,Included
339,220,2018,F9,M2_2018,618979.295,4204173.568,132.539,98.047,5.023696221,4.505699111,860.22,22.28,837.94,175.3058684,11025.52632,65.04011614,4.193905783,4.265365192,11.02552632,Included
341,231,2018,F9,M2_2018,618840.016,4204295.558,80.195,67.305,3.01857818,3.248909399,1088.3,22.28,1066.02,223.0226053,14026.57895,82.7434716,2.69897339,2.713378349,14.02657895,Included
343,240,2018,F9,M2_2018,618990.142,4203966.697,90.234,66.602,3.402008358,3.219391238,956.56,51.61,904.95,189.3250658,11907.23684,70.24136939,2.993199168,3.017360529,11.90723684,Included
345,203,2018,F9,M2_2018,618942.175,4204356.334,85.977,67.93,3.239339959,3.275118587,1084.35,57.88333333,1026.466667,214.7476316,13506.14035,79.67337898,2.868951859,2.888892805,13.50614035,Included
347,225,2018,F9,M2_2018,618913.316,4203965.787,114.922,84.023,4.34734657,3.939951249,890.35,51.61,838.74,175.4732368,11036.05263,65.10221135,3.70066087,3.751372065,11.03605263,Included
349,228,2018,F9,M2_2018,618865.675,4204388.547,68.672,53.672,2.579294976,2.668642787,1471.41,51.61,1419.8,297.0371053,18681.57895,110.2035431,2.355581488,2.359707552,18.68157895,Included
351,202,2018,F9,M2_2018,618894.546,4204356.588,78.203,64.063,2.942572204,3.112438454,1309.24,51.61,1257.63,263.1094342,16547.76316,97.6160599,2.640068932,2.652622232,16.54776316,Included
353,206,2018,F9,M2_2018,618949.026,4204266.637,90.625,67.148,3.416954655,3.242320661,1119.84,70.55,1049.29,219.5225132,13806.44737,81.4449047,3.00457457,3.029129416,13.80644737,Included
355,211,2018,F9,M2_2018,619012.565,4204022.783,181.25,137.695,6.899886684,6.052892214,566,22.28,543.72,113.7519474,7154.210526,42.20303593,5.519142285,5.653796424,7.154210526,Included
357,224,2018,F9,M2_2018,619065.61,4203966.994,99.336,64.609,3.750164923,3.13548421,759.2,22.28,736.92,154.1714211,9696.315789,57.19903855,3.256494252,3.290055591,9.696315789,Included
359,238,2018,F9,M2_2018,619067.048,4204023.708,175.703,148.828,6.685840397,6.476114855,556.98,22.28,534.7,111.8648684,7035.526316,41.50291201,5.370680093,5.497774681,7.035526316,Included
361,230,2018,F9,M2_2018,618930.18,4204327.123,86.055,69.805,3.242319506,3.353558383,860,22.28,837.72,175.2598421,11022.63158,65.02303992,2.871235098,2.891252302,11.02263158,Included
363,223,2018,F9,M2_2018,618937.367,4204022.244,116.602,90.195,4.411786167,4.190348736,697.79,22.28,675.51,141.3238026,8888.289474,52.43245201,3.748078263,3.800709515,8.888289474,Included
365,239,2018,F9,M2_2018,618913.331,4204021.878,147.461,108.438,5.597564543,4.918011632,454.4,22.28,432.12,105.4713947,6633.421053,39.1308735,4.605388422,4.695383095,6.633421053,Included
367,212,2018,F9,M2_2018,618900.541,4203994.555,140.039,102.5,5.312024219,4.68305961,607.73,22.28,585.45,122.4823026,7703.289474,45.44207936,4.401395563,4.482069351,7.703289474,Included
369,233,2018,F9,M2_2018,619052.075,4204174.088,91.602,66.758,3.454305184,3.225945001,881.84,22.28,859.56,179.829,11310,66.71824021,3.032972272,3.058514517,11.31,Included
371,208,2018,F9,M2_2018,619017.879,4204174.025,121.68,89.531,4.606640039,4.163520544,758.34,22.28,736.06,153.9915,9685,57.13228616,3.890899148,3.949411831,9.685,Included
373,226,2018,F9,M2_2018,618934.578,4204419.641,62.148,45.664,2.331028263,2.318951423,918.96,57.88333333,861.0766667,180.1463026,11329.95614,66.83596245,2.158070718,2.156885877,11.32995614,Included
375,227,2018,F9,M2_2018,619015.107,4204420.865,74.648,54.844,2.806996136,2.71922537,905.89,51.61,854.28,178.7243684,11240.52632,66.3084116,2.534483966,2.543807786,11.24052632,Included
377,204,2018,F9,M2_2018,618968.977,4204327.095,71.484,55.586,2.686406674,2.751176317,1120.49,51.61,1068.88,223.6209474,14064.21053,82.96546212,2.439992188,2.446526576,14.06421053,Included
379,323,2018,F10,M3_2018,619418.96,4204126.867,72.969,59.297,2.763782481,3.107784877,1327.14,57.88333333,1269.256667,265.5418553,16700.74561,87.30727459,2.533176969,2.550084078,16.70074561,Included
381,301,2018,F10,M3_2018,619593.261,4204358.082,69.609,68.75,2.634796465,3.534204944,1257.38,57.88333333,1199.496667,250.9473289,15782.85088,82.50875307,2.430551955,2.444118822,15.78285088,Included
383,305,2018,F10,M3_2018,619496.963,4204243.603,79.688,65.664,3.021959641,3.3958943,1244.95,57.88333333,1187.066667,248.3468421,15619.29825,81.65374128,2.736689937,2.760550491,15.61929825,Included
385,340,2018,F10,M3_2018,619517.746,4204129.177,71.602,68.672,2.71129498,3.530719229,1237.29,51.61,1185.68,289.3995263,18201.22807,95.15141743,2.491495981,2.507032599,18.20122807,Included
387,312,2018,F10,M3_2018,619508.628,4204165.416,62.617,65.508,2.366664379,3.388880312,1515.15,51.61,1463.54,306.1879737,19257.10526,100.6712764,2.21499852,2.22193797,19.25710526,Included
389,319,2018,F10,M3_2018,619270.992,4204273.966,59.297,51.836,2.239490276,2.764938711,1463.31,51.61,1411.7,295.3425,18575,97.10540256,2.111627573,2.115586835,18.575,Included
391,321,2018,F10,M3_2018,619553.211,4204165.988,64.805,66.641,2.450528147,3.439772337,1491.29,57.88333333,1433.406667,299.8837632,18860.61404,98.59852053,2.282754594,2.291718589,18.86061404,Included
393,324,2018,F10,M3_2018,619593.368,4204130.926,65.742,47.734,2.486454468,2.573730594,1347.05,51.61,1295.44,271.0196842,17045.26316,89.10832522,2.311684485,2.321529568,17.04526316,Included
395,316,2018,F10,M3_2018,619139.321,4204121.605,110.273,92.031,4.200688333,4.553994861,972.33,51.61,920.72,192.6243158,12114.73684,63.3327805,3.639061974,3.69835855,12.11473684,Included
397,320,2018,F10,M3_2018,619376.845,4204276.734,83.672,59.297,3.175188924,3.107784877,1301.13,57.88333333,1243.246667,260.1002895,16358.50877,85.51814694,2.856359017,2.884502408,16.35850877,Included
399,336,2018,F10,M3_2018,619272.765,4204200.899,79.961,46.836,3.032456209,2.531590521,1232.41,57.88333333,1174.526667,245.7233421,15454.29825,80.79116301,2.744913197,2.76906357,15.45429825,Included
401,339,2018,F10,M3_2018,619114.189,4204156.91,84.844,57.07,3.220284886,3.006074592,1439.65,51.61,1388.04,290.3925789,18263.68421,95.47792234,2.891428444,2.920853037,18.26368421,Included
403,338,2018,F10,M3_2018,619249.689,4204159.545,117.031,78.438,4.461801601,3.963325688,1208.25,51.61,1156.64,241.9812632,15218.94737,79.56080812,3.833991936,3.901806681,15.21894737,Included
405,315,2018,F10,M3_2018,619185.677,4204158.224,79.961,48.164,3.032456209,2.593872234,1253.6,57.88333333,1195.716667,250.1565132,15733.11404,82.24874145,2.744913197,2.76906357,15.73311404,Included
407,333,2018,F10,M3_2018,619329.781,4204238.372,82.148,65.039,3.116561894,3.367780208,1175.6,57.88333333,1117.716667,233.8380921,14706.79825,76.88342204,2.810666412,2.8371581,14.70679825,Included
409,337,2018,F10,M3_2018,619460.929,4204204.557,105.313,87.422,4.009185965,4.355084127,1031.39,57.88333333,973.5066667,203.6678421,12809.29825,66.9637719,3.495063007,3.548249889,12.80929825,Included
411,318,2018,F10,M3_2018,619446.708,4204354.599,86.367,78.047,3.278899436,3.946146689,1228.3,57.88333333,1170.416667,244.8634868,15400.2193,80.50845193,2.936912134,2.968015621,15.4002193,Included
413,308,2018,F10,M3_2018,619214.651,4204235.214,52.891,41.914,1.994389586,2.298674585,1298.55,51.61,1246.94,260.8729737,16407.10526,85.7721971,1.910114398,1.908663117,16.40710526,Included
415,317,2018,F10,M3_2018,619323.455,4204351.117,69.375,64.766,2.625816677,3.355488904,1408.05,81.5,1326.55,277.5282237,17454.60526,91.2482622,2.42338252,2.436720369,17.45460526,Included
417,314,2018,F10,M3_2018,619293.82,4204160.561,85.586,55.742,3.248839873,2.945176729,1238.03,51.61,1186.42,248.2115526,15610.78947,81.60925953,2.913600336,2.943840924,15.61078947,Included
419,335,2018,F10,M3_2018,619203.868,4204199.155,100.352,74.023,3.817770052,3.768682151,955.43,57.88333333,897.5466667,187.7762105,11809.82456,61.73877621,3.350199746,3.397404078,11.80982456,Included
421,307,2018,F10,M3_2018,619279.408,4204236.695,60.156,42.344,2.272385412,2.319159901,1323.32,57.88333333,1265.436667,264.7426711,16650.48246,87.04451155,2.13843984,2.143159236,16.65048246,Included
423,332,2018,F10,M3_2018,619558.417,4204244.557,56.484,50.859,2.131814068,2.719582862,1281.73,57.88333333,1223.846667,256.0416053,16103.24561,84.18369569,2.023486267,2.025012093,16.10324561,Included
425,306,2018,F10,M3_2018,619374.149,4204239.21,122.227,81.797,4.662705725,4.110452238,1033.3,57.88333333,975.4166667,204.0674342,12834.42982,67.09515339,3.982925932,4.057432803,12.83442982,Included
427,325,2018,F10,M3_2018,619119.347,4204346.635,94.023,94.492,3.573762342,4.659667796,1152.33,51.61,1100.72,230.2822105,14483.15789,75.7142868,3.164103374,3.203874588,14.48315789,Included
429,311,2018,F10,M3_2018,619428.435,4204203.589,90.703,83.633,3.445853445,4.190534916,965.9,57.88333333,908.0166667,221.6277522,13938.85234,72.86879503,3.065872706,3.10183974,13.93885234,Included
431,328,2018,F10,M3_2018,619375.521,4204310.679,93.633,76.641,3.558733611,3.884279116,1516.86,57.88333333,1458.976667,305.2332763,19197.0614,100.3573822,3.152586576,3.191907424,19.1970614,Included
433,326,2018,F10,M3_2018,619580.936,4204316.773,61.914,49.727,2.339727673,2.666888542,1496.71,57.88333333,1438.826667,301.0176842,18931.92982,98.97134139,2.193167364,2.199466356,18.93192982,Included
435,310,2018,F10,M3_2018,619112.164,4204197.372,71.914,58.945,2.723273357,3.091742236,1256.64,57.88333333,1198.756667,250.7925132,15773.11404,82.45785133,2.501017661,2.516865701,15.77311404,Included
437,300,2018,F10,M3_2018,619227.963,4204348.63,53.945,49.297,2.034689775,2.646831199,1487.45,57.88333333,1429.566667,299.0803947,18810.08772,98.33438171,1.943467073,1.942873267,18.81008772,Included
439,309,2018,F10,M3_2018,619177.907,4204234.778,56.172,34.336,2.119875823,1.932822737,1329.06,57.88333333,1271.176667,265.9435395,16726.00877,87.439344,2.013677447,2.01493879,16.72600877,Included
441,334,2018,F10,M3_2018,619148.072,4204234.067,62.773,44.609,2.372642369,2.426623566,1237.1,61.8,1175.3,245.8851316,15464.47368,80.84435758,2.219838898,2.22692114,15.46447368,Included
443,302,2018,F10,M3_2018,619323.205,4204309.421,60.273,48.203,2.276866396,2.595697868,1409.26,57.88333333,1351.376667,282.7222237,17781.27193,92.95599294,2.142088153,2.146911683,17.78127193,Included
445,327,2018,F10,M3_2018,619462.579,4204312.356,137.461,117.031,5.252396032,5.611948077,1022.8,57.88333333,964.9166667,201.8707237,12696.27193,66.37289888,4.415242002,4.510021421,12.69627193,Included
447,329,2018,F10,M3_2018,619295.838,4204309.498,57.539,35.273,2.172188913,1.978590575,1385.95,57.88333333,1328.066667,277.8455263,17474.5614,91.35258785,2.056604916,2.059033182,17.4745614,Included
449,313,2018,F10,M3_2018,619381.527,4204163.046,97.148,79.648,3.69421578,4.016417682,1140.95,57.88333333,1083.066667,226.5889474,14250.87719,74.49998204,3.256176044,3.299588559,14.25087719,Included
451,322,2018,F10,M3_2018,619281.476,4204123.807,136.797,113.594,5.226673712,5.46840551,884.01,57.88333333,826.1266667,172.8343947,10870.08772,56.82606966,4.39652605,4.490402857,10.87008772,Included
